{
    "methodology": "Optimized on VALIDATION set, evaluated on TEST set",
    "validation_results": {
        "0.3": {
            "auc": 0.982755228406421,
            "thresholds": {
                "youdens": {
                    "threshold": 0.6108412144198131,
                    "accuracy": 0.9664429530201343,
                    "sensitivity": 0.9518072289156626,
                    "specificity": 0.9769452449567724,
                    "precision": 0.9673469387755103,
                    "f1_score": 0.9595141700404859,
                    "tp": 237,
                    "tn": 339,
                    "fp": 8,
                    "fn": 12
                },
                "f1_max": {
                    "threshold": 0.716776713491888,
                    "accuracy": 0.9681208053691275,
                    "sensitivity": 0.9397590361445783,
                    "specificity": 0.9884726224783862,
                    "precision": 0.9831932773109243,
                    "f1_score": 0.9609856262833676,
                    "tp": 234,
                    "tn": 343,
                    "fp": 4,
                    "fn": 15
                },
                "cost_sensitive": {
                    "threshold": 0.25417683008501135,
                    "accuracy": 0.9546979865771812,
                    "sensitivity": 0.963855421686747,
                    "specificity": 0.9481268011527377,
                    "precision": 0.9302325581395349,
                    "f1_score": 0.9467455621301776,
                    "tp": 240,
                    "tn": 329,
                    "fp": 18,
                    "fn": 9
                },
                "target_recall_95": {
                    "threshold": 0.6108412144198131,
                    "accuracy": 0.9664429530201343,
                    "sensitivity": 0.9518072289156626,
                    "specificity": 0.9769452449567724,
                    "precision": 0.9673469387755103,
                    "f1_score": 0.9595141700404859,
                    "tp": 237,
                    "tn": 339,
                    "fp": 8,
                    "fn": 12
                }
            }
        },
        "0.4": {
            "auc": 0.9816673032186382,
            "thresholds": {
                "youdens": {
                    "threshold": 0.5666895964413126,
                    "accuracy": 0.9664429530201343,
                    "sensitivity": 0.9518072289156626,
                    "specificity": 0.9769452449567724,
                    "precision": 0.9673469387755103,
                    "f1_score": 0.9595141700404859,
                    "tp": 237,
                    "tn": 339,
                    "fp": 8,
                    "fn": 12
                },
                "f1_max": {
                    "threshold": 0.7079369210868318,
                    "accuracy": 0.9681208053691275,
                    "sensitivity": 0.9397590361445783,
                    "specificity": 0.9884726224783862,
                    "precision": 0.9831932773109243,
                    "f1_score": 0.9609856262833676,
                    "tp": 234,
                    "tn": 343,
                    "fp": 4,
                    "fn": 15
                },
                "cost_sensitive": {
                    "threshold": 0.33367101620937417,
                    "accuracy": 0.9580536912751678,
                    "sensitivity": 0.963855421686747,
                    "specificity": 0.9538904899135446,
                    "precision": 0.9375,
                    "f1_score": 0.9504950495049506,
                    "tp": 240,
                    "tn": 331,
                    "fp": 16,
                    "fn": 9
                },
                "target_recall_95": {
                    "threshold": 0.5666895964413126,
                    "accuracy": 0.9664429530201343,
                    "sensitivity": 0.9518072289156626,
                    "specificity": 0.9769452449567724,
                    "precision": 0.9673469387755103,
                    "f1_score": 0.9595141700404859,
                    "tp": 237,
                    "tn": 339,
                    "fp": 8,
                    "fn": 12
                }
            }
        },
        "0.5": {
            "auc": 0.9811580616413782,
            "thresholds": {
                "youdens": {
                    "threshold": 0.4771807845376021,
                    "accuracy": 0.9681208053691275,
                    "sensitivity": 0.9558232931726908,
                    "specificity": 0.9769452449567724,
                    "precision": 0.967479674796748,
                    "f1_score": 0.9616161616161616,
                    "tp": 238,
                    "tn": 339,
                    "fp": 8,
                    "fn": 11
                },
                "f1_max": {
                    "threshold": 0.6935535539909568,
                    "accuracy": 0.9697986577181208,
                    "sensitivity": 0.9397590361445783,
                    "specificity": 0.9913544668587896,
                    "precision": 0.9873417721518988,
                    "f1_score": 0.962962962962963,
                    "tp": 234,
                    "tn": 344,
                    "fp": 3,
                    "fn": 15
                },
                "cost_sensitive": {
                    "threshold": 0.41316518743257585,
                    "accuracy": 0.9580536912751678,
                    "sensitivity": 0.963855421686747,
                    "specificity": 0.9538904899135446,
                    "precision": 0.9375,
                    "f1_score": 0.9504950495049506,
                    "tp": 240,
                    "tn": 331,
                    "fp": 16,
                    "fn": 9
                },
                "target_recall_95": {
                    "threshold": 0.4771807845376021,
                    "accuracy": 0.9681208053691275,
                    "sensitivity": 0.9558232931726908,
                    "specificity": 0.9769452449567724,
                    "precision": 0.967479674796748,
                    "f1_score": 0.9616161616161616,
                    "tp": 238,
                    "tn": 339,
                    "fp": 8,
                    "fn": 11
                }
            }
        },
        "0.6": {
            "auc": 0.9807414094418018,
            "thresholds": {
                "youdens": {
                    "threshold": 0.5548330799519512,
                    "accuracy": 0.9664429530201343,
                    "sensitivity": 0.9518072289156626,
                    "specificity": 0.9769452449567724,
                    "precision": 0.9673469387755103,
                    "f1_score": 0.9595141700404859,
                    "tp": 237,
                    "tn": 339,
                    "fp": 8,
                    "fn": 12
                },
                "f1_max": {
                    "threshold": 0.6836109399795532,
                    "accuracy": 0.9681208053691275,
                    "sensitivity": 0.9357429718875502,
                    "specificity": 0.9913544668587896,
                    "precision": 0.9872881355932204,
                    "f1_score": 0.9608247422680413,
                    "tp": 233,
                    "tn": 344,
                    "fp": 3,
                    "fn": 16
                },
                "cost_sensitive": {
                    "threshold": 0.49265938845809987,
                    "accuracy": 0.9580536912751678,
                    "sensitivity": 0.9598393574297188,
                    "specificity": 0.9567723342939481,
                    "precision": 0.9409448818897638,
                    "f1_score": 0.9502982107355864,
                    "tp": 239,
                    "tn": 332,
                    "fp": 15,
                    "fn": 10
                },
                "target_recall_95": {
                    "threshold": 0.5548330799519512,
                    "accuracy": 0.9664429530201343,