{
    "train": {
        "Normal": {
            "precision": 0.9804161566707467,
            "recall": 0.9888888888888889,
            "f1-score": 0.9846342962507683,
            "support": 1620.0
        },
        "PCOS": {
            "precision": 0.9843205574912892,
            "recall": 0.9724612736660929,
            "f1-score": 0.9783549783549783,
            "support": 1162.0
        },
        "accuracy": 0.9820273184759166,
        "macro avg": {
            "precision": 0.982368357081018,
            "recall": 0.9806750812774909,
            "f1-score": 0.9814946373028732,
            "support": 2782.0
        },
        "weighted avg": {
            "precision": 0.9820469667906138,
            "recall": 0.9820273184759166,
            "f1-score": 0.9820115186106144,
            "support": 2782.0
        },
        "auc": 0.9919237797751854
    },
    "val": {
        "Normal": {
            "precision": 0.9685714285714285,
            "recall": 0.9769452449567724,
            "f1-score": 0.9727403156384505,
            "support": 347.0
        },
        "PCOS": {
            "precision": 0.967479674796748,
            "recall": 0.9558232931726908,
            "f1-score": 0.9616161616161616,
            "support": 249.0
        },
        "accuracy": 0.9681208053691275,
        "macro avg": {
            "precision": 0.9680255516840883,
            "recall": 0.9663842690647315,
            "f1-score": 0.967178238627306,
            "support": 596.0
        },
        "weighted avg": {
            "precision": 0.9681153099642215,
            "recall": 0.9681208053691275,
            "f1-score": 0.9680928083371922,
            "support": 596.0
        },
        "auc": 0.9795319606958092
    },
    "test": {
        "Normal": {
            "precision": 0.976878612716763,
            "recall": 0.9712643678160919,
            "f1-score": 0.9740634005763689,
            "support": 348.0
        },
        "PCOS": {
            "precision": 0.9601593625498008,
            "recall": 0.9678714859437751,
            "f1-score": 0.964,
            "support": 249.0
        },
        "accuracy": 0.9698492462311558,
        "macro avg": {
            "precision": 0.9685189876332819,
            "recall": 0.9695679268799335,
            "f1-score": 0.9690317002881844,
            "support": 597.0
        },
        "weighted avg": {
            "precision": 0.9699052571194873,
            "recall": 0.9698492462311558,
            "f1-score": 0.9698661028485367,
            "support": 597.0
        },
        "auc": 0.9887769468679315
    }
}