Method,Threshold,Accuracy,Sensitivity,Specificity,Precision,F1,FN,FP
Youden's Index (Balanced),0.8381100296974182,0.9681742043551089,0.9397590361445783,0.9885057471264368,0.9831932773109243,0.9609856262833676,15,4
F1-Score Max,0.8399999999999996,0.966499162479062,0.9357429718875502,0.9885057471264368,0.9831223628691983,0.9588477366255144,16,4
Cost-Sensitive (Medical),0.7399999999999997,0.9346733668341709,0.9558232931726908,0.9195402298850575,0.8947368421052632,0.9242718446601942,11,28
Target 95% Recall,0.7505089640617371,0.9413735343383585,0.9518072289156626,0.9339080459770115,0.9115384615384615,0.931237721021611,12,23
Balanced Accuracy,0.8399999999999996,0.966499162479062,0.9357429718875502,0.9885057471264368,0.9831223628691983,0.9588477366255144,16,4
